amigo,sexo,publicacion
am_1,f,Â¿Alguien quiere adoptar un gatito bebÃ©?
am_1,f,"Cada vez que cocino, que lavo trastes o ropa... AsÃ­ merengues"
am_1,f,Vi a la seÃ±ora de las enchiladas despuÃ©s de mucho tiempo y sentÃ­ que el amor en mi volviÃ³ a nacer
am_1,f,Ya no aguanto una desveladita... Ando que me carga Morfeo
am_1,f,Jajajaja dos aÃ±os Dx y ya casi nos abandonas 
am_1,f,"Y se va muriendo el corazÃ³n, las heridas cada vez son mÃ¡Ã¡-Ã¡Ã¡s"
am_1,f,Yo merengues.
am_1,f,Esto lo titulo: "un dÃ­a en la vida de - O C I O." 
am_1,f,"Viento, amaaarranoooossss"
am_1,f,Soy tan impulsiva que creo que me le iba a la yugular al cabrÃ³n
am_1,f,PerdÃ­ alv desde el primer momento. ï¿¼
am_1,f,Uuuuuuujulesssss re chula mijo
am_1,f,Ajajajajajajajajajajajaja ï¿¼
am_1,f,"EstÃ¡ bien chido leer los comentarios, muchas ideas son las mismas que he tenido ya."
am_1,f,QuÃ© bueno que no la escuchÃ© el semestre pasado alv
am_1,f,Yo merengues.
am_1,f,"Y es que no te has dado cuenta que cuando no estÃ¡s no late mÃ¡s mi corazÃ³n, eres mi luz y mi aiire-e, eres lo que detiene mi respiraciÃ³Ã³Ã³Ã³nnn â™«"
am_1,f,ESTO. ï¿¼
am_1,f,Mein kleines Lebenslicht - eine Flamme im Wind ï¿¼
am_1,f,"Tal cual, para que se abstengan de decirme que me veo gorda y que las vacaciones me pusieron choncha porque ya lo sÃ©. Gracias, adiÃ³s. ï¿¼ğŸ’…ï¿¼ğŸ’…ï¿¼"
am_1,f,Necesito dinero y estoy pensando en vender mi Deathwing y mi Arthas. Â¿SerÃ¡ prudente? ï¿¼ğŸ¤”ï¿¼ğŸ¤”ï¿¼
am_1,f,"Dance around like I'm insane, I feel free when I see no one and nobody knows my name. ï¿¼"
am_1,f,Khe berwenzah
am_1,f,"Y para llorar, no es el tiempo ahora ï¿¼"
am_1,f,Nada me puede arruinar el dÃ­a si estoy escuchando "embrace of the endless ocean"
am_1,f,Quiero cantar asÃ­ T^T
am_1,f,Ajaja ï¿¼:v el del Uber me vio blusa satÃ¡nica y puso a Metallica ï¿¼ğŸ˜‚ï¿¼ğŸ˜‚ï¿¼ğŸ˜‚ï¿¼ğŸ˜‚ï¿¼ğŸ˜‚ ay muchacho Ã©ste.
am_1,f,La neta estoy bien frentona alv
am_1,f,"Si un dÃ­a vuelvo a tener novio, buscarÃ© uno que no me la haga de pedo porque no le contesto al estar ocupada :'v"
am_1,f,QuÃ© perturbador xD
am_2,f,"Me pregunto si en este momento, en alguna parte del mundo, un posole tambien esta pensando en mi"
am_2,f,Inserte frase cursi aquÃ­â€¦
am_2,f,"Hola amigos, solo para comunicarles que ya saliÃ³ a la venta mi libro ""Me acuesto y maÃ±ana me levanto temprano a hacer ejercicio"" en el que hablo del autoengaÃ±o y sus consecuencias."
am_2,f,#GorditaFelizGgtl???
am_2,f,Feria 2k18 con amigos.
am_2,f,Mi cerebro me dice gimnasio pero mi corazÃ³n me dice milanesa con papas
am_2,f,"Cuando las palabras fallan, la mÃºsica habla"
am_2,f,"No lo digo yo, lo dice la ciencia"
am_2,f,Never stop pretending you are an unicorn
am_2,f,Venga hija a escribir mas historias
am_2,f,Quiero bailar esto con ustedes plissss
am_2,f,"Si estas leyendo esto, incluso si apenas hablamos, comenta un recuerdo"
am_2,f,"De todas formas y por suerte, alegrÃ­a me sobra"
am_2,f,Que crecer no signifique dejar de ser niÃ±os
am_2,f,Esta noche miraremos al cielo y en el veremos a una nueva estrella
am_2,f,Cualquiera puede escribir y decir lo que piensa sin pensarâ€¦
am_2,f,"SueÃ±a sin miedo, vive sin limites"
am_2,f,Este semestre conoci gente espectacular
am_2,f,Lee entre lÃ­neas
am_2,f,Bryan MagaÃ±a al fin se me va a hacer
am_2,f,Â¿Por quÃ© si whatsapp se cayo tu no has caÃ­do en mis brazos?
am_2,f,#chiquitests
am_2,f,SÃ© que siempre he sido asÃ­ y no tengo remedio ni lo quiero tener â€“ Enrique Bunbury
am_2,f,"Hola amiguitos, podrÃ­an ayudarme a contestar esta encuentra porfa"
am_2,f,Ya lo sabÃ­a jajajaja
am_2,f,Ando tragando porqueÂ #GorditaFelizGgtl
am_2,f,Ish ush ay ay ayÂ Si quedÃ³ jajajaja
am_2,f,No toda distancia es ausencia ni todo silencio es olvido.. 
am_2,f,FPÂ Fabiola Pedraza
am_2,f,photoshootingÂ #shootingÂ #modelÂ #fotografÃ­aÂ #fotÃ³grafoÂ #photography#nikon
am_3,m,Puedo correr 15 kilÃ³metros sin parar y no me canso... De decirte que me encantas.
am_3,m,"Muy guapa y todo, pero respondes a los mil aÃ±os y yo quiero una novia, no una cita en el IMSS"
am_3,m,Racismo es que me asalten por gÃ¼ero.
am_3,m,Yo como mis calcetines: Sin pareja.
am_3,m,Â¿No odian cuando estÃ¡n comiendo cereal y las Ãºltimas piezas estÃ¡n como: "INTENTA ATRAPARME IDIOTA JAJAJAJAJAJAJÃ"?
am_3,m,Estamos a 170 dÃ­as de que sea navidad.
am_3,m,"Recuerda que si caÃ­mos en picada, es porque a veces fuimos nubes con la mente"
am_3,m,Â¿A que hora va a dar el grito en Washington el Trump?
am_3,m,Vota libre. Siente tu liga.
am_3,m,"Muy buenos dÃ­as, espero hoy si poder usar el Trinomio Cuadrado Perfecto."
am_3,m,EstÃ¡ genial <3
am_3,m,Amigos! maÃ±ana los Moussier vamos a grabar un breve video para un concurso y necesitamos gente con actitud que quiera salir con nosotros. QuiÃ©n se anima? SerÃ­a como a las 11:30 am aprox. en Irapuato.
am_3,m,Achis achis ya no me cuadra
am_3,m,Â¡La necesito!
am_3,m,AdiÃ³s seÃ±or mundial
am_3,m,Â¡No toques mi basura!
am_3,m,Yo despuÃ©s de ver los precios de los boletos para rammstein
am_3,m,"Nein me quiero ir, herr Mundial"
am_3,m,Ahora lo entiendo todo
am_3,m,Osorio hermano ya eres mexicano
am_3,m,Â¿Amigos quiÃ©n estÃ¡ cuidando el petrÃ³leo?
am_3,m,Que bonito es esto joder
am_3,m,Yo en estos momentos XD
am_3,m,Cuando me llega una notificaciÃ³n tuya bb
am_3,m,Â¡Es genial formar parte de Ã©sta ediciÃ³n del FIVAC!
am_3,m,"Nunca me dejes morir, hermosa <3"
am_3,m,Pues nada empezando el dÃ­a aquÃ­ en el GYM.
am_3,m,"El four loko mÃ¡s culero es cuando estÃ¡s loko four ella, pero ella no estÃ¡ igual de loko four you."
am_3,m,Yo cuando entro a trabajar jajaja
am_3,m,Puro pinche smartwatch
am_4,m,Por quÃ©? maldiciÃ³n.
am_4,m,"Lo siento profe, mi perro se comiÃ³ mi repositorio de GitHub"
am_4,m,El chiste se cuenta solo
am_4,m,No tendrÃ¡s preocupaciÃ³n porque te bajen a la que te gusta si eres el Ãºnico hombre. 
am_4,m,Punto para los bailarines
am_4,m,"Y entonces los de la familia primero, en que se basaban? Si eran catÃ³licos la mayorÃ­a"
am_4,m,Que fuerte
am_4,m,RGB >:V
am_4,m,"Eso de ignorar y poner excusas, el 99% de las ocasiones no sirve."
am_4,m,"es oficial, me largo a ver Nightwish!"
am_4,m,Como cuando el que te acaba de flamear pide heals
am_4,m,Me emperra
am_4,m,Pues la verdad me sorprende que sÃ³lo se hayan robado una nave
am_4,m,Sigue estando interesante
am_4,m,MÃ¡s veladores Xiao Lin por favor 
am_4,m,Cualquier parecido con la realidad si es verdad
am_4,m,Sigo con 30 :'( les sigo fallando Hacen falta: Tank Main y off Healer off DPS Flex
am_4,m,V"": voto por mi mismo?
am_4,m,AnÃ­mense >:v
am_4,m,Estos si son reyes y la tengo en casa :')
am_4,m,Soy un pinshi pony ejemplar madafakas >:v
am_4,m,Maestrazos
am_4,m,El siguiente semestre :""v
am_4,m,Best 24
am_4,m,Che juego perro
am_4,m,Y de esos hay cada semestre xc
am_4,m,Otra promocion o que David Ralo
am_4,m,"Ahora entiendo que las circunstancias en las que uno nace no importan. Lo que si importa es lo que haces con el don de la vida, eso es lo que te define. #Mewtwo"
am_4,m,Para pensar
am_4,m,No quieres hacer alianza para el mcu? Pues te compro
am5,f,"como me encula esa dama ğŸ¥´ğŸ’–"
am5,f,"Los ojos no mienten"
am5,f,"Lo q mÃ¡s me awita es q ni la conocÃ­ â˜¹"
am5,f,"Esta bien bonito, ojala un dÃ­a lo vuelva a experimentar"
am5,f,"No mmn como le hacen para conseguir personas asÃ­?"
am5,f,"Hola amistades, voy a borrar mi cuenta, ni hablo con nadie veda pero cualquier cosa ahÃ­ esta mi insta ğŸ˜”ğŸ¤™ğŸ¼"
am5,f,"T amo Joji"
am5,f,"No ya no me quiere, pero ta bien ğŸ‘"
am5,f,"ğ˜ ğ˜´ğ˜¦ğ˜¦ ğ˜ºğ˜°ğ˜¶ ğ˜ªğ˜¯ ğ˜¢ğ˜¯ğ˜°ğ˜µğ˜©ğ˜¦ğ˜³ ğ˜­ğ˜ªğ˜§ğ˜¦, ğ˜¸ğ˜©ğ˜¦ğ˜¯ ğ˜¸ğ˜¦ ğ˜¢ğ˜³ğ˜¦ ğ˜£ğ˜°ğ˜µğ˜© ğ˜¤ğ˜¢ğ˜µğ˜´"
am5,f,"Ufffffffff saquen el vodka barato"
am5,f,"Soy"
am5,f,"Un dÃ­a"
am5,f,"Pa escuchar si estuviÃ©semos juntos bien pedos ğŸ¤§ğŸ¤§ğŸ¤™ğŸ¼"
am5,f,"No pues nadie"
am5,f,"Avr el suyo"
am5,f,"Ayyy yo sÃ­ quiero"
am5,f,"Jsjjsjssjjsaja si me rei, pero F"
am5,f,"En cucharita unu"
am5,f,"Directo para tus brazos" 
am5,f,"Para: Diosito"
am5,f,"Pinch3 serie tan vrgs, esta buenÃ­sima y confirmÃ³ Nate tambiÃ©n era un pndgooooo"
am5,f,"En efecto"
am5,f,"Me sentÃ­ re identificada, que bonito"
am5,f,"Los indios son lo besto en el potochop"
am5,f,"Si recomiendo ğŸ¥µğŸ¥µğŸ¥µ"
am5,f,"Reeee quiero"
am5,f,"Y no tener ansiedad por la situaciÃ³n â˜¹ï¸"
am5,f,"JAJAJAJAJAJAJAJAJAJJA"
am5,f,"Aunque no los conozca jsjsjjsjs"
am5,f,"Ya enculense de mÃ­, si se querer bonito ğŸ˜”ğŸ¤™ğŸ¼"
am6,f,"T amo Matt x ti no me he salido de la universidad y no me he dado de baja de la vida ğŸ˜«â™¥ï¸"
am6,f,"Q me pasen lo de Rafa pq no c ni como se hace"
am6,f,"Nocierto sicierto"
am6,f,"Me disfrace de morra con autoestima ggg"
am6,f,"I'm not a picture perfect portrait but I am working on it ğŸ•·ï¸"
am6,f,"Sobress ğŸ•·ï¸"
am6,f,"Billie Joe, Matt tuck y Axl, les rezo todos los dÃ­as, q me pisen xfaaa ğŸ˜©ğŸ›â™¥ï¸"
am6,f,"Tuve fe ğŸ‘"
am6,f,"*Hacen hits de forma orgÃ¡nica sin necesidad de un fandom tÃ³xico dando stream*"
am6,f,"Rocket queen ğŸ‘‘â™¥ï¸"
am6,f,"Fue por las tortillas o q?"
am6,f,"No pendejo, nos graduamos asÃ­, por favor"
am6,f,"Si se antoja la vdd"
am6,f,"Me siento como cuando tenÃ­a 14 aÃ±os y estaba re enamorada de estos weyes â¤ï¸â€ğŸ”¥"
am6,f,"SÃºbete al Eva ğŸ˜ "
am6,f,"Yo cuando entre a las fundas y le dije al seÃ±or que iba a ir a calentar mi comida pero en realidad le hablÃ© a mi jefecita para que fuera por mi, be like:"
am6,f,"Ya tenÃ­a rato sin subir algo aquÃ­ ğŸ˜®â€ğŸ’¨"
am6,f,"Mi jefa jsjsj"
am6,f,"No te tocaba krnal ğŸ¤§ğŸ¤™"
am6,f,"Un psicÃ³logo para el cumpleaÃ±ero ğŸ¥³"
am6,f,"Kn pa hacer una pandilla y que nos partan la madre bn sabroso?"
am6,f,"Yare yare..."
am6,f,"Weon, en primer lugar, Â¿quÃ© haces revisando a quien le da me encanta tu pareja? Eso ya es bastante enfermo por si solo, luego, tu pareja no tiene porque estar cumpliendo la funciÃ³n de tu terapeuta, si tienes problemas de autoestima y un ""me encanta"" o que siga a tal morrx en insta te afecta tanto busca ayuda psicolÃ³gica, eso no es normal. Arreglen todos sus pedos antes de tener pareja, porque nadie tiene porque que cargar con los traumas o problemas psicolÃ³gicos de nadie."
am6,f,"PerdÃ³n, es que en mi casa si me quieren y si se preocupan por mi xd"
am6,f,"Te adoro Saiki Ku, nomÃ¡s xti no me suicido ğŸ¤§"
am6,f,"kn pa' unos doritos con salsaÂ¿"
am6,f,"Headphone c:"
am6,f,"Si soy."
am6,f,"Soy el hijo de la rabia y el amor â£ï¸"
am6,f,"Neta tenemos que traer todo eso? Yo nomÃ¡s traigo un labial :c"
am7,m,"Ni pedo nos empinÃ³ un equipo de brasileÃ±os de tercera"
am7,m,"CÃ³mo te remontan un 3-1 me quiero suicidar"
am7,m,"Los del cruz azul viendo que el pumğŸ…±ï¸as le estÃ¡ remontando"
am7,m,"No pongas ""UwU"" porque podrÃ­a ser tu prÃ³ximo jefe  ğŸ¤‘ğŸ¤‘ğŸ‘ŒğŸ¾"
am7,m,"pq clases si ya es navida"
am7,m,"K, cÃ³mo que no?"
am7,m,"Pero que truene la bocina"
am7,m,"QUE RICOOOOOOOOO"
am7,m,"Kien me da megacaballero"
am7,m,"Hoy es martes con M de ""ğ‘€ğ‘’ ğ‘¡ğ‘–ğ‘’ğ‘›ğ‘’ğ‘  ğ‘ğ‘–ğ‘’ğ‘› ğ‘ğ‘™ğ‘ğ‘£ğ‘ğ‘‘ğ‘œ ğ‘¦ ğ‘ğ‘™ğ‘ğ‘Ÿğ‘œ, ğ‘ğ‘œğ‘Ÿ ğ‘¡ğ‘– ğ‘‘ğ‘’ğ‘—ğ‘œ ğ‘¡ğ‘œğ‘‘ğ‘œ â„ğ‘ğ‘ ğ‘¡ğ‘ ğ‘™ğ‘ ğ‘šğ‘ğ‘›ğ‘’ğ‘Ÿğ‘ ğ‘’ğ‘› ğ‘ğ‘¢ğ‘’ ğ‘¡ğ‘’ğ‘›ğ‘”ğ‘œ ğ‘‘ğ‘’ ğ‘“ğ‘¢ğ‘šğ‘ğ‘Ÿ""â£ï¸âœ¨"
am7,m,"Nice"
am7,m,"La mÃºsica de Junior H mejora la perra bastarda asquerosa vida."
am7,m,"ustds no tienen idea d cuanto me afecta un jijijija en el clash royal"
am7,m,"Ven hermosa yo te hago feliz y te canto corridos tumbados <33"
am7,m,"Mucho texto ğŸ¥°"
am7,m,"Labios hermosos, su rostro espectacular<33"
am7,m,"No tomo mas hasta octubre."
am7,m,"Como me enqla esa flaca"
am7,m,"Si no contesto es por que mi hijo anda viendo videos de paw patrol en el youtub"
am7,m,"Me da un tostÃ³n de afecto bn rayado xfa"
am7,m,"pongan caifanes"
am7,m,"MaÃ±ana a desayunar tequila amigos"
am7,m,"Desde que fumo me canso mucho al correr, voy a tener q dejar de correrğŸ˜"
am7,m,"mejor hot que sad, no?"
am7,m,"tengo el alma enamorada nomas de pensar corazÃ³n, de soÃ±arme noche a noche dueÃ±o de tu amor"
am7,m,"no sÃ© pq facebook me pregunta q en q ando pensando, si es obvio q en una miche"
am7,m,"Que vivan los corridos tumbados y ella cuando sonrÃ­e â¤ï¸"
am7,m,"Ya me voy a dormir si ocupan algo me vale vrga"
am7,m,"Apenas iba hacer tarea y me acorde que no estudio, ni pedo a drogarme"
am7,m,"discÃºlpame el horariooooo, baby te extraÃ±ooooo"
am8,m,"Yo esperando a que me metan a un grupo llamado ""posada"""
am8,m,"Estoy esperando... anciano."
am8,m,"En las clases* ğŸ˜©"
am8,m,"SÃ­ son."
am8,m,"""No te la puedo pasar, pero si quieres te explico"" ğŸš©ğŸš©ğŸš©ğŸš©ğŸš©ğŸš©ğŸš©"
am8,m,"Yo cuando me invitan una Tecate light"
am8,m,"Mejor correme de la peda qlero,que son esas mmdas de no dejarme hacer huevo revuelto en la cocina"
am8,m,"La neta tienen frÃ­o porque quieren. AquÃ­ estoy yo. ğŸ˜"
am8,m,"estuve mame y mame con las fiestas d jalowin y al final no voy a ir a ninguna"
am8,m,"Gauss y Jordan viendo como no puedo resolver una matriz 2x2"
am8,m,"Cuando ya cobraste la beca:"
am8,m,"Soy"
am8,m,"Yo despidiÃ©ndome de los extraÃ±os que conocÃ­ en el baile"
am8,m,"Sabes que ya empieza el frio cuando ves a las ardillitas con su champurrado."
am8,m,"Ojo con que te guste Bad Bunny pq te beso"
am8,m,"Cuando se acaba halloween y el vecino sigue colgado."
am8,m,"Mame y mame con la fiesta de disfraces y ni para el cover juntÃ©"
am8,m,"Yo detectando quien dejo de seguirme en Instagram para darle unfollow tambiÃ©n"
am8,m,"siesta de 20 minutos? No gracias, yo puras de 4 horas"
am8,m,"En maestrÃ­a *"
am8,m,"Cuando se acaba de poner el semÃ¡foro en verde y ya te estÃ¡n pitando"
am8,m,"El dÃ­a d mis xv quiero q anden bien prendidos, si no ni vayan"
am8,m,"AlgÃºn bautizo por ahÃ­?? Ocupo feriecilla"
am8,m,"Calmese doÃ±a, es Halloween no Tijuana"
am8,m,"Buenos dÃ­as nns."
am8,m,"SÃ­ son. ğŸ˜©"
am8,m,"Los servidores que uso de la unÃ­*"
am8,m,"SÃ­ soy."
am8,m,"Yo con los alumnos regresando a presencial *"
am8,m,"Perfectos para irme de pata de perro"
am_9,f,"Con la sister ğŸ‘»ğŸ¥³"
am_9,f,"Feliz dÃ­a âœ¨ğŸ‘·ğŸ»â€â™€ï¸ğŸ‘·ğŸ»â€â™‚ï¸"
am_9,f,"Vivir la vida como jazz"
am_9,f,"Lo necesito"
am_9,f,"Compren! Compren! ğŸ‘ŒğŸ¼ğŸ‘ŒğŸ¼"
am_9,f,"Termine sÃºper cansada, pero sin duda una gran experiencia âœ¨ğŸª¨ğŸƒ"
am_9,f,"Como olvidarlo ğŸ¤£"
am_9,f,"En el autocinema con el clÃ¡sico â¤ï¸ los envidiosos dirÃ¡n que es prestado ğŸ˜’"
am_9,f,"Muchas felicidades Ing. GuzmÃ¡n â™¥ï¸ğŸ‰ Te quiero âœ¨ğŸ’•"
am_9,f,"Chale..."
am_9,f,"Casa HabitaciÃ³n 8x20"
am_9,f,"Ãšnete a nuestro equipo âœ¨ Proyecto- El cielo es de todo-"
am_9,f,"Es por tu bien abuelita ğŸ˜…"
am_9,f,"Que talento! ğŸ¤£"
am_9,f,"6 aÃ±os despuÃ©s ğŸ¥°"
am_9,f,"Pueden dar â¤ï¸ a la foto original por fa ğŸ¥ºğŸ’•"
am_9,f,"Isra ya tenemos opciones para el sÃ¡bado ğŸ˜…ğŸ˜Š"
am_9,f,"Jeje este es bueno ğŸ¤£ğŸ’•"
am_9,f,"Pero cuando me necesitan ahÃ­ estoy ğŸ˜…"
am_9,f,"En corto! ğŸ¤£"
am_9,f,"Que bonito!! ğŸ’•"
am_9,f,"Lo necesito ğŸ’•ğŸ¤©"
am_9,f,"ğŸ¤£ kilos mortales"
am_9,f,"Ratita scout ğŸ’•"
am_9,f,"Gracias por acompaÃ±arnos chicos, seguimos en contacto con todos ustedes âšœï¸â¤ï¸. Mucho Ã©xito con este nuevo renacer ğŸ‘ğŸ»ğŸ‘ğŸ»"
am_9,f,"Si lo necesito ğŸ˜Š"
am_9,f,"Jajajaja cuando nos andÃ¡bamos peleando por ManÃ©"
am_9,f,"Despejar la mente ğŸƒğŸ•ğŸ’•"
am_9,f,"Que no se te salga lo tlacuache ğŸ˜‚ğŸ˜‚"
am_9,f,"Foros de Provincia 2020"
am_10,f,"Jennifer yo dÃ¡ndote consejos ğŸ¤¡ğŸ˜‚ğŸ¤­"
am_10,f,"Hay si ğŸ™ƒğŸ¤­"
am_10,f,"La ODONTOLOGIA es una profesiÃ³n que descubre sonrisasğŸŒˆğŸ’œğŸ¦·ğŸ‘©ğŸ»â€ğŸ“ Ya casi ğŸ”‹âœ¨"
am_10,f,"Y si eh ğŸ˜‚ğŸ˜‚ğŸ˜‚ğŸ˜‚"
am_10,f,"AnahÃ­ tuuu viendo que si hay muÃ±ecas mÃ¡s malas que tu amiga ğŸ˜‚"
am_10,f,"Si soy ğŸ™‚ğŸ¤­ğŸ¤ "
am_10,f,"Desde hace 4 aÃ±os siempre confiÃ© en ti amika dientitoğŸ¦·ğŸ¤ğŸ»ğŸ’œğŸŒˆâœ¨ EstefaniağŸ™ˆ"
am_10,f,"Soy de dÃ­a y de noche ğŸ¥ºğŸ˜‚"
am_10,f,"PorfisğŸ¥²ğŸ˜©"
am_10,f,"Bonito sÃ¡badoğŸ™‚ğŸŒˆâœ¨"
am_10,f,"Ay ay ay ğŸ¤ ğŸ¤ ğŸ¤ "
am_10,f,"Con confianza ğŸ¤­"
am_10,f,"PerdÃ³n ğŸ¤­ğŸ¥²ğŸ˜‚"
am_10,f,"Ya no me creo ğŸ¤¡ğŸ˜‚"
am_10,f,"PorfisğŸ™ğŸ»ğŸ¥ºğŸ™‡ğŸ»â€â™€ï¸ğŸ˜‚"
am_10,f,"PerdÃ³n vağŸ™‡ğŸ»â€â™€ï¸ğŸ¤­"
am_10,f,"OcupÃ³ feria ğŸ˜ğŸ¤”ğŸ˜‚"
am_10,f,"Eres mi mÃºsica y mi mejor canciÃ³nğŸ¦–ğŸ’œ"
am_10,f,"Pregunta serÃ­a ğŸ¤­ğŸ¤©"
am_10,f,"Ufff de eso si pregÃºntenme ğŸ˜‚ğŸ˜‚ğŸ˜‚"
am_10,f,"Y que tieneeeee? ğŸ˜‚"
am_10,f,"Â¿Por que ser miserable cuando puedes ser feliz? Para mi es una elecciÃ³n obvia ğŸŒº"
am_10,f,"Pues bueno ya serÃ¡ pa la prÃ³xima ğŸ¤¡"
am_10,f,"Yuneri Mandujano prima esto es en serio ?? Jajajaja"
am_10,f,"Si quieroooooğŸ˜©ğŸ˜©ğŸ˜©"
am_10,f,"Jennifer ueeeei si ğŸ’…ğŸ»ğŸ¥ºğŸ˜‚"
am_10,f,"FELIZ DÃA ğŸ¦·ğŸ¤ğŸ»âœ¨"
am_10,f,"Yo creo ya perdÃ­ prÃ¡ctica ğŸ¥ºğŸ¤­"
am_10,f,"Eso todos lo sabemos obviamente ğŸ™‚ğŸ¤­"
am_10,f,"Capturar un momento mantiene ese instante con vida para siempre ğŸ–¤âœ¨"
am_11,m,"Se llama amor propio, 4 meses y seguirÃ© hasta convertirme en mi mejor versiÃ³n"
am_11,m,"Juro solemnemente convertirme en mi mejor versiÃ³n"
am_11,m,"Yellow days ğŸ¤—ğŸ˜˜"
am_11,m,"Believe in yourself ... in the end no one is worth more than yourself"
am_11,m,"Estoy bien cachetÃ³n ğŸ˜…ğŸ˜ğŸ™ƒğŸ˜"
am_11,m,"VÃ­stete hoy como si fueras a conocer a tu peor enemigo"
am_11,m,"Que poco nos atrevemos para lo corta que es la vida ..."
am_11,m,"Se les acabÃ³ su gordito ğŸ˜˜ğŸ˜‰ğŸ¥ºğŸ¤­ğŸ˜"
am_11,m,"Necesito vacaciones ğŸ¥ºğŸ˜…"
am_11,m,"Recorcholis!!!"
am_11,m,"Como hemos cambiado ğŸ˜±ğŸ˜±ğŸ˜…ğŸ˜…ğŸ˜ğŸ˜ğŸ˜ğŸ¥°ğŸ¥°"
am_11,m,"El estilo es una forma de decir quiÃ©n eres sin tener que hablar. â¤ï¸ğŸ˜˜"
am_11,m,"Que otra vez deberÃ­a de ir a NY ğŸ¤­ğŸ™"
am_11,m,"Muy motivador pero me causa cierto nivel de risa cx ğŸ˜…"
am_11,m,"DesconectÃ¡ndose del mundo..."
am_11,m,"Es perfecta ğŸ˜"
am_11,m,"Nuestras aventuras en la gran manzana ğŸ˜­... Los mejores recuerdos ğŸ˜ŠğŸ˜ŠğŸŠğŸ˜"
am_11,m,"Una combinaciÃ³n de un poco de Salem y otro de Garfield"
am_11,m,"Exacto, mil veces el cansancio fÃ­sico"
am_11,m,"La mejor navidad jajajaj ğŸ„ğŸ„ğŸ„ğŸ„ğŸ„"
am_11,m,"Mis padres jajaja ğŸ¤£"
am_11,m,"Solo me falta una que otra... Necesito terminarlas cx c:"
am_11,m,"Y yo que ya querÃ­a ejercer pero con esto no se puede ğŸ’”"
am_11,m,"Unos tacos con su coca a quien gane jaja cx"
am_11,m,"Se tomarÃ¡n las medidas sanitarias necesarias y contamos con tÃºnel de desinfecciÃ³n, asÃ­ como con baÃ±o de alcohol jajajajjajaja"
am_11,m,"CuÃ­dense  amigos ğŸ˜Š"
am_11,m,"QuÃ© pedo?? Obvio los tÃ­os somos los mejores cuidando niÃ±os, o no?"
am_11,m,"Viajar, viajar, viajar ... ğŸ¥°"
am_11,m,"Decidido... me compro un perrito ğŸ¶"
am_11,m,"Exacto, todos tenemos diferentes ritmos de crecimiento ğŸ˜ŠğŸ˜ŠğŸ˜Š"
am_11,m,"Necesito un tatuaje â¤ï¸ğŸ¥°"
am_12,m,"Heanme ahÃ­, haciÃ©ndole al cuento ğŸ™‚, como si supiese jugar ğŸ¤£, bueno, lo intente, se hizo lo que se pudo ğŸ˜Œ"
am_12,m,"A veces pasa ğŸ˜Œ"
am_12,m,"Yo bien filosÃ³ficoğŸ¤“, como lleguÃ© a esas conclusiones ğŸ¤”"
am_12,m,"Uno como quiera pero las criaturas, seguramente eso fue lo que pensÃ³ el perro ğŸ˜­"
am_12,m,"De pijama como de que no ğŸ˜"
am_12,m,"Momentos que nunca olvidarÃ©... ExtraÃ±o a la Estudiantina ğŸ¥º"
am_12,m,"A la bestia, este capÃ­tulo de Tom y Jerry no lo habÃ­an visto ğŸ˜‚ğŸ˜‚"
am_12,m,"Eso es a lo que yo le llamo ser coolğŸ˜ y hacerce notarğŸ¤£ğŸ¤£"
am_12,m,"Amigos, ya supe cÃ³mo activar mis recuerdos ğŸ¤­, joyita ğŸ’ de canciÃ³n"
am_12,m,"Amigos les comparto para quien guste apoyarğŸ™‹ğŸ¼, pueden comunicarse con su servilletaâœŒï¸, o con los contactos que aparecen en el flayer, lo importante es apoyar, cuidense y tomen agÃ¼ita ğŸ––"
am_12,m,"HacÃ­a tiempo que no hacÃ­a esto de la plantaciÃ³n, traigo unos dolores musculares de aquellos ğŸ˜“, pero la verdad vale la penağŸŒ²ğŸŒ³, tomar parte para reducir un poco la huella ambiental que hacemos cada uno de nosotros, ademÃ¡s de contribuir con la #reforestaciÃ³n2021 ğŸ˜ƒğŸŒ±"
am_12,m,"Una verdadera joyita ğŸ’ no me dejaran mentir, una shulada ğŸ¤ŸğŸ¥°ğŸ¥º"
am_12,m,"Una pequeÃ±a parte de mi familia ğŸ’™"
am_12,m,"Jeje, no lo canto pero si tengo que decirlo completo, soy medio dislexico ğŸ˜…"
am_12,m,"Uno ya no puede circular libremente ğŸ˜”, por eso nunca lleven platanos ilegales ğŸ˜ŒğŸ˜‚ğŸ¤£"
am_12,m,"Eso quiere decir que las brujas estÃ¡s hechas de plasma ğŸ˜Œ, si si si"
am_12,m,"Ni la de estrellita donde estas me saleğŸ˜…, y no solo eso si no que es todo un mundo en mi miniatura  por eso su nombre Miniatur WunderlandğŸ’"
am_12,m,"Mueran de envidia ğŸ˜"
am_12,m,"He vivido engaÃ±ado toda mi vidağŸ˜”, ahora que, no me digan que la luna no es de queso ğŸ˜±,  entonces la leche con chocolate viene de las vacas cafÃ©s ğŸ˜²"
am_12,m,"La elÃ©ctrica es mi pasiÃ³n ğŸ˜"
am_12,m,"ğŸ˜Œ ahÃ­ que dice?"
am_12,m,"Amigos, me grabaron si que me diera cuenta ğŸ¤­"
am_12,m,"No recordaba esa etapa en la que fui un dibujanteğŸ¤­ (malÃ­simo por cierto ğŸ˜œ), a eso de mis 16 o 17 aÃ±os cuando era todo un jovenzuelo, que recuerdos ğŸ¥²"
am_12,m,"Una verdadera joyita no me dejarÃ¡n mentirğŸ‘ŒğŸ¤ŒğŸ‘, como me encanta escuchar este tipo de corosğŸ‘€"
am_12,m,"Ya me vÃ­ cuando tenga mi centro de reparaciÃ³n ğŸ˜ğŸ˜"
am_12,m,"Y sin ser mÃºsico, tÃ³mala sistema ğŸ˜"
am_12,m,"Suele pasarğŸ’ğŸ¤·"
am_12,m,"Que bonito es recordar ğŸ¥²"
am_12,m,"Uhh, la la chulada,  una verdadera joyita no me dejaras mentirğŸ‘ŒğŸ¤ŒğŸ˜‹ğŸ¤¤"
am_12,m,"Me diÃ³ justo en la pobrezağŸ¤¤ğŸ˜‹"
fsm,f,"Feliz cumpleaÃ±os! Que hoy, MaÃ±ana y siempre tu vida."
fsm,f,"Amigos de Leon, Gto. Una excelente opciÃ³n para atenciÃ³n psicolÃ³gica. La salud mental es tan importante como la fÃ­sica"
fsm,f,"MÃ­ familia, siempre a mi lado, siempre haciÃ©ndome sentir tan Ãºnica y especial. Gracias por tanto, LOS AMO"
fsm,f,"Mis amores, Mi TRIBU"
fsm,f,"Esta gran mujer es un encanto, mÃºsculos por fuera y un enorme corazÃ³n por dentro."
fsm,f,Por una semana llena de logros ..
fsm,f,Iniciando semana con los mejores deseos
fsm,f,"Sin prisa, pero sin pausa...."
fsm,f,"Motivandome, despuÃ©s de una semana de lunch a las 6 am ... claro que merezco ese lugar!!!!!"
fsm,f,"Ahora todo tiene sentido.... lo mÃ­o, lo mÃ­o no es disciplina es fealdad"
fsm,f,Buenos dÃ­as!!! A Trabajar con toda la actitud
fsm,f,"Las queremos Rosa Mendoza Vera y Fer que esta nueva etapa sea maravillosa, llena de experiencias enriquecedoras, sueÃ±os cumplidos y nuevas oportunidades."
fsm,f,"Rodeate de gente con sueÃ±os grandes, hechos de corazones que latan fuerte, que sus bocas hablen desde las emociones e ilusiones y que no tengan miedo de fsm,f,ensuciarse los zapatos ni las manos."
fsm,f,Por personas como ustedesâ€¦ es que se demuestra que Jaral del Progreso es digno de realizar eventos de esta calidad.
fsm,f,"Ha sido un gusto participar en la primer feria internacional en el municipio, ademÃ¡s del curso de profesional de parrilla argentina, dirigido por el Chef Carlos LÃ³pez, director de la escuela Argentina de parrilleros, fue una oportunidad para dar a conocer el talento, el arte y la mÃ¡gia de nuestra poblaciÃ³n, asÃ­ como de comunidades y municipios aledaÃ±os."
fsm,f,Miren esta belleza de pulseras que encontrÃ© en el Festival
fsm,f,SalÃ­ en la portada Que siga el Ã©xito en este fabuloso evento y sea el 1ero de muchos
fsm,f,Esto es algo de lo que encontrarÃ¡s en este maravilloso evento
fsm,f,No te lo puedes perder!!
fsm,f,"Si la felicidad se mide por momentos, los mas hermosos los he pasado con estas personas. Paulina SaldaÃ±a  Isaac SaldaÃ±a Carlos Montalvo Rosariio SaldaÃ±a
fsm,f,Aviso urgente.... PrÃ³ximamente en la puerta de mi cuarto"
fsm,f,"Trendy ""Detalles que transforman tu evento""  En este trabajo he tenido la oportunidad de conocer mucha gente valiosa;  clientes que han confiado en mÃ­ (gracias, gracias, gracias), decoradores creativos(valoro mucho colaborar con gente tan comprometida), banqueteros (llenando de sabor los eventos) y obvio mi gran equipo de trabajo (siempre dispuestos... son los mejores)"
fsm,f,EspÃ­ritu de la flojera.... abandona este cuerpo trabajador
fsm,f,"No puedes faltar, podrÃ¡s disfrutar de la gastronomÃ­a local y regional. MÃºsica en vivo, actos culturales, zona para niÃ±os y mucho mÃ¡s...."
fsm,f,Make up Rosario SaldaÃ±a Beauty & skincare  un honor ser modelo de mi hermana Rosariio SaldaÃ±a  haces magia con las brochas. Te quiero
fsm,f,"No se pueden perder este gran evento, disfruta  en familia de la deliciosa gastronomÃ­a de la regiÃ³n, Ã¡rea para niÃ±os, artesanÃ­as y mucho mÃ¡s"
fsm,f,En pareja es mejor terminando rutina
fsm,f,Julieta Maria Esdras Padron Aguillon y Erik  Rosariio SaldaÃ±a  Erik Ramon Quezada amenizando nuestra noche mexicana. Con el jarabe tapatÃ­o que le enseÃ±o su madrina Espe Ramirez
fsm,f,Noche mexicana improvisada con mis amores Esdras Padron Aguillon
fsm,f,Mi Jaral pueblo mÃ¡gico
arm,f,Felicidad pura
arm,f,Cantar las canciones de Bad Bunny mientras van en el carro
arm,f,Nunca me habÃ­a identificado tanto con un meme
arm,f,TortillaLand
arm,f,"AsÃ­ estarÃ­amos nosotros dos, pero tÃº estÃ¡s entre los de 30 a 39 y yo entre los 18 a 29"
arm,f,""El que no arriesga no gana"" dicen â€” *yo arriesgÃ¡ndome*
arm,f,-Todas las anteriores
arm,f,"Mark Zuckerberg, si no le sabes no le muevas we"
arm,f,Pura perdida de tiempo
arm,f,X: No te puede gustar un seÃ±or de 42 aÃ±os. El seÃ±or de 42 aÃ±os:
arm,f,Se viene rata inmunda remix brrrr
arm,f,""Mi hija esta bien"". SeÃ±ora su hija creyÃ³ que uno de 20 la querÃ­a pa algo serio
arm,f,A mÃ­ diciembre no me va agarrar solo.
arm,f,Bad Bunny mood ):
arm,f,Por eso estudien quÃ­mica amigos !!!
arm,f,Â¿CÃ³mo supiste que era #Piscis?
arm,f,"pinche karma pss si tampoco te debo tantas, ya bajale wey"
arm,f,"La maestra leyendo la parte donde cuento la historia con ""mi casi algo"" con detalle, nombres, fechas, lÃ¡grimas en el papel y capturas de pantalla:"
arm,f,AsÃ­ quiero andar con mis chikaaas jajajajaja
arm,f,"Necesito unas guamas Banqueteras, para ponerme asÃ­ como la Lupe a puro llorar ...."
arm,f,Desde aquÃ­ supe que era un pndjo
arm,f,Le tiene miedo al Ã©xito
arm,f,Ni porque cierro la puerta de mi cuarto jajajajajaja
arm,f,Que feo que sea asÃ­ jajajaja
arm,f,No alcance a poner mi agua para baÃ±arme y la olla ya esta llena de pozole
arm,f,"Ya wey, no comes ni a tus horas y quieres desayunar tequila"
arm,f,Solo quedan los recuerdos
arm,f,Cuando el wey que te costÃ³ superar te manda un mensaje:
arm,f,"Uff, esa pelÃ­cula"
arm,f,Que mensa estÃ¡bamos JAJAJAJAJA
ijm,m,"Elige el juego que quieras, mi vida, yo pago *lo nalguea y le da una relaciÃ³n estable*"
ijm,m,De Ãºltimo momento: nuevas imÃ¡genes de la pelÃ­cula de Buzz Lightyear.
ijm,m,Excelente campaÃ±a
ijm,m,Todas las ferias de MÃ©xico este aÃ±o:
ijm,m,When los narcos tienen mÃ¡s consciencia ambiental que el gobierno.
ijm,m,WTF tiene el descaro de celar a la chica? por cierto que crack
ijm,m,Una forma simple con memes
ijm,m,AhÃ­ si no les encanto muchoo!
ijm,m,"Gary, tuve ese sueÃ±o de nuevo!"
ijm,m,Era Halloween no lo que Callamos las Mujeres.
ijm,m,Panistas les llaman
ijm,m,Es que briiiiishaaaa
ijm,m,"A mi solo me gustan altos, barbones, tatuados, guapos, con dinero y solteros."
ijm,m,Estas viendo la escena post-crÃ©ditos de No Way Home:
ijm,m,CuÃ¡ndo dejan al nuevo cerrar el changarro.
ijm,m,MÃ¡s empatÃ­a porfavor!!! 
ijm,m,a female in her red hair phase
ijm,m,"Necesito dos de esos compas que siempre dicen ""aquÃ­ andamos pa lo que sea"", Pido ser Kiko."
ijm,m,Pasenle Ya tenemos atracciones Bailarinas Gracias leo cuando no tienes nada q hacer we. Jajaja
ijm,m,"En una ocasiÃ³n, el Doctor Octopus se apoderÃ³ del cuerpo de Spider-Man, y estuvo un par de aÃ±os viviendo la vida de Peter Parker."
ijm,m,La mejor versiÃ³n de Doctor Strange hasta ahora
ijm,m,Mis amigos pidiÃ©ndome la tarea
ijm,m,"Una de las cosas mÃ¡s irreales que ha hecho Disney en sus adaptaciones, fue hacer a Zeus un amoroso padre y Esposo devoto"
ijm,m,*sube una putifoto a instagram y ya*
ijm,m,Me ENCANTA porque es muy real
ijm,m,EspÃ©reme profe estoy batallando para entrar a teams
ijm,m,O no les saben pegar chido... :^)
ijm,m,Sin raspar muebles decimos en MÃ©xico
ijm,m,"DespuÃ©s de los rumores ya es oficial, la secuela de  "â€œSpider-Man: Into The Spider-verseâ€" se llamarÃ¡  "â€œSPIDER-MAN: ACROSS THE SPIDER-VERSEâ€""
ijm,m,Triste por que este miÃ©rcoles no hay What If? y lo que queda del mes no hay contenido de Marvel Studios .
jgs,m,No ps oigame...
jgs,m,Sin lugar a duda
jgs,m,Como que me empieza a estorbar la cartera
jgs,m,5mentarios...(Inserte canciÃ³n favorita)
jgs,m,Que tengan un excelente inicio de mesNo maames... encontrÃ© una donde no tienes barba... estarÃ¡ cabron verte asÃ­ de nuevo Te voy a rasurar perro!! XD Muchas
jgs,m,felicidades pinche guerrero de la vida nivel legendario matadioses
jgs,m,"TenÃ­a esperanza, la neta"
jgs,m,"JesÃºs GarcÃ­a me siento feliz y orgulloso de ti bro, ya hay que echar caguamas"
jgs,m,Y todo se reduce a maÃ±ana... Un placer banda Vamos con todo
jgs,m,JesÃºs GarcÃ­a no hagan enojar a dora Luis Ramirez
jgs,m,Fernando ZÃºÃ±iga es un amor el pinche Dante
jgs,m,"JesÃºs GarcÃ­a  mi cumple de hacerca, me gustan los de Pantera Negra o Thanos"
jgs,m,Un buen regalo para los niÃ±os grandes
jgs,m,JesÃºs GarcÃ­a  si eres we...!! I lo
jgs,m,Por ello ya hay calcetines nuevos :3 
jgs,m,Solo falta un detallito ve so much.!!
jgs,m,"Jajaja nmms, 6 aÃ±os de esa madre Era taan joven"
jgs,m,Abimael JesÃºs CristiÃ¡n eso si me procupa cabron
jgs,m,Que pasÃ³ amiguito? jojo (Con voz de Mikey)
jgs,m,Al cabo ya voy a cambiar de cartera... Espero encontrar una vertical
jgs,m,A que triste.... ya estarÃ­amos en el pre
jgs,m,"El mayor regalo que tengo en la vida, es el baloncesto."
jgs,m,"Perfectamente equilibrado, como todo debe estar..."
jgs,m,Â¿QuiÃ©n soy yo para negarme?...
jgs,m,"AlgÃºn dÃ­a voy a estar asÃ­, con mi compita en una moto y en la playa."
jgs,m,"datos curioso del dÃ­a, que nadie, pero nadie querÃ­a saber XD"
jgs,m,"Paso para informar que a las afueras de la Casa del Jubilado, colonia Haciendas del RincÃ³n, las enfermeras se encuentran aplicando la vacuna contra la influenza."
jgs,m,Elegir un vestido para una fiesta es muy importante y los chicos tuvieron la oportunidad de vivir la elegante experiencia de y usar uno por unas cuantas horas.
jgs,m,"JesÃºs GarcÃ­a, hay que conseguirlo y lo armamos juntos, va?"
jgs,m,En este perfil amamos la alitas y unas chelas bien frias
jgs,m,Como cuando tus amigos te ayudan a declararte a tu crush
am_13,f,"Seamos como el universo, asÃ­ de infinitos, asÃ­ de inmensos, asÃ­ de maravillosos siempre"
am_13,f,El amor propio lo cura todo
am_13,f,"Todos tenemos a esa persona que querremos siempre, estÃ© en nuestra vida o no"
am_13,f,Deja de esconderte y empieza a brillar
am_13,f,"TÃº no eres una opciÃ³n, eres un privilegio"
am_13,f,La vida es un sueÃ±o y la muerte un despertar
am_13,f,Quererse es el primer paso para ser feliz
am_13,f,Como aprendes a vivir sin alguien que estuvo toda tu vida
am_13,f,La vida es un ratito y ya
am_13,f,Los dÃ­as sin ti son los que mÃ¡s duelen
am_13,f,"Tu eres eso que tanto quieres ser, solo que no lo puedes ver porque no lo crees"
am_13,f,"No seas lo que sueÃ±as ser, se mucho mÃ¡s"
am_13,f,Oh no.. Si soy
am_13,f,Â¿Porque serÃ¡ que los aÃ±os nos irÃ¡n volviendo mÃ¡s extraÃ±os?
am_13,f,Somos diferentes cielos en un mismo mapa
am_13,f,"Todo lo que necesito, estÃ¡ en mi"
am_13,f,La historia de mi vida jajaja
am_13,f,No les pasa que conocen a personas con cubrebocas y cuando las ven sin Ã©l se les hacen extraÃ±os
am_13,f,Brillando como siempre jaja ok no
am_13,f,Esta vida de adulto no fue como la imaginÃ©
am_13,f,Regresenme hace un aÃ±o cuando aÃºn habÃ­a conciertos
am_13,f,Nunca es tarde para volver a comenzar
am_13,f,Â¿Podemos solo estar y ver el cielo?
am_13,f,Me siento como si estuviera en unas vacaciones interminables
am_13,f,"Ya borrÃ© whatsapp, cualquier cosa por transferencia bancaria jaja"
am_13,f,AÃ±o nuevo vida nueva
am_13,f,"No mÃ¡s, me gusta tener privacidad jaja"
am_13,f,No puedes comenzar el siguiente capÃ­tulo si sigues leyendo el anterior
am_13,f,Pregunta serÃ­a Â¿A los cuÃ¡ntos dÃ­as se acaba el recalentado?
am_13,f,"No soy todo lo que ves, pero tampoco ves todo lo que soy"
am_14,m,5 de 8 recorridos
am_14,m,Por ti si probaba los perritos de carne
am_14,m,Un orgullo para el Capulin Banda Perla de CuliacÃ¡n
am_14,m,A los edecanes no nos dan pases Lo siento
am_14,m,De verde por la madre Rusia Compartan amigos
am_14,m,â€œComo todas las nochesâ€
am_14,m,El onlyfans no se mantiene de salidas mami
am_14,m,Orgullosamente agricultor
am_14,m,Voy a llevar a mi calabacita  Aprovecho pa ganar dinero
am_14,m,Lugar y fecha
am_14,m,Pero sigo siendo el Rey
am_14,m,FÃ­jate que yo tengo 3 hetareas del pinto
am_14,m,La mÃ­a es roja
am_14,m,"Se dan clases de manejo Tengo mucha paciencia y enseÃ±o automÃ¡tico y estÃ¡ndar (no, no grito) Informes por privado"
am_14,m,ApÃºrale mami
am_14,m,Hacer las cosas con pasiÃ³n es mi pasiÃ³n
am_14,m,Siempre puedes contar con papÃ¡
am_14,m,Dejen de desearle el mal a los demÃ¡s. Hay que desear que nos vaya bonito a todos
am_14,m,Amo mi ranchito
am_14,m,Jajajaja solo Salvatierra sabe quÃ© pedo
am_14,m,La Ãºltima vez que vi a mi papÃ¡ me pidiÃ³ llorando que no me acercara porque tenÃ­a covid Cada dÃ­a te extraÃ±o mas
am_14,m,Que te diga â€œsoy tu fanâ€
am_14,m,Gracias soy bueno en ambas cosas
am_14,m,Que siga creciendo la agricultura de conservaciÃ³n
am_14,m,Como dijo Pepe Aguilar Con orgullo por Herencia
am_14,m,Na mas dejen de tomar y esta bien trankas la cosa
am_14,m,Que wenos elotes padrino
am_14,m,Hasta uchepos le llevo mi reina
am_14,m,No sabÃ­a que los agrÃ³nomos hacÃ­an mÃºsica
am_14,m,Con razÃ³n ni cuenta me di Me llama mi jefa bien preocupada y yo a media rutina de pecho
am_15,m,Yo el otro dÃ­a que mi papÃ¡ hizo pizza.
am_15,m,Pero mÃ¡s salado que nada raza.
am_15,m,Ya diosito aliviana.
am_15,m,Por eso no salgo.
am_15,m,Rumbo al itess.
am_15,m,No nos detendremos hasta ser leyendas.
am_15,m,Momentos Ãºnicos.
am_15,m,No te preocupes madre solo me tomarÃ© un cantarito. El cantarito.
am_15,m,Imposible.
am_15,m,A chingao.
am_15,m,Yo con los vÃ­deos de inglÃ©s.
am_15,m,No existen lÃ­mites.
am_15,m,Ocupo.
am_15,m,En eso andamos.
am_15,m,No te pases de lanza Diosito.
am_15,m,Lo mejor de la vida.
am_15,m,La mejor sensaciÃ³n del mundo.
am_15,m,No me desplomÃ³ si miro el miedo de frente a frente.
am_15,m,Apenas hoy voy a comprar las hojas para la carpeta y no es broma.
am_15,m,No sean asÃ­ raza.
am_15,m,El dueÃ±o de mi mar.
am_15,m,Con la meta fija.
am_15,m,En mi vida vuelvo a probar esa madre se me receteo el cassette bien feo.
am_15,m,Aguanta.
am_15,m,La respuesta correcta es D.
am_15,m,Que vida.
am_15,m,Haciendo sentadilla libre y peso muerto.
am_15,m,Unas como las que hago.
am_15,m,Acostado a punto de dormÃ­r.
am_15,m,Eso pasÃ³ hace algunos aÃ±os. Y aquÃ­ andamos dÃ¡ndole a todo al entrenamiento.
am_16,f,Teen wolf y los originales
am_16,f,"SÃ¡bados everywhere, digo quÃ©"
am_16,f,"Cha Eunwoo, tÃº y yo un solo corazÃ³n"
am_16,f,Yo me lo tome saliendo y aÃºn asÃ­ me duele
am_16,f,Que emociÃ³n ojalÃ¡ revivieran a klaus y elijah
am_16,f,OjalÃ¡ que canten my universe en cdmx y que pongan el mv con bts en pantallas para que a todos mexicanos machitos se les reviente una vena
am_16,f,"Amor real, nadie te ama como yo"
am_16,f,Feliz dÃ­a del cumpleaÃ±os de Jimin
am_16,f,"Te amo prÃ­ncipe, te deseo lo mejor todos los dÃ­as, eres una luz en mi vida, felices 26"
am_16,f,"Odio aquÃ­, Aiden no merecÃ­a"
am_16,f,Que bueno que no tuve gestiÃ³n hoy porque si hubiera sido
am_16,f,Abr estÃ¡ todos se la saben
am_16,f,Ayuda no es un meme
am_16,f,Y q tieneeeee?
am_16,f,Ya saquen otra forma de titularnos pls
am_16,f,Qn dijo esto? Se merece la pandemia
am_16,f,Te amo bts me salvaste de las drogas (es broma familia)
am_16,f,Mmmmmm se me viene a la mente alguieeeeennnnnn
am_16,f,Bye los locales que no les gustan las kseries/dramas la quemaron demasiado
am_16,f,Yo cuando le doy consejos a Lupita jaajajaja
am_16,f,InglÃ©s de la secundaria
am_16,f,DADDY YANKEE POR FAVOR PIENSA BIEN ANTES DE HACER LAS COSAS NO TOMES UNA DECISIÃ“N APRESURADA POR FAVOR ESTE ES TU HOGAR NO PUEDES IRTE ESTOY LLORANDO SOY TU FAN DESDE QUE TENGO MEMORIA NO TE PUEDES IR SIN SACAR GASOLINA REMIX FT BTS
am_16,f,NO ME LA CUENTESSSSS
am_16,f,"Esta no es la generaciÃ³n perdida, sino la generaciÃ³n que hace excelentes movimientos con las decisiones limitadas que obtuvieron"
am_16,f,Yo pero la niÃ±a de los plumones virtual
am_16,f,ajshshshs yo criticando el outfit de Kim dementor desde mi cama con mi pijama desde que inicio la pandemia
am_16,f,"Ya pero Violet & Finch para mi no es romÃ¡ntica, digo"
am_16,f,"Harry te amo, mi yo de 22 te ama igual que mi yo de 14 lo hacÃ­a"
am_16,f,"Pasen la info de gestiÃ³n, por su atenciÃ³n gracias"
am_16,f,Mis otros protegidos los amo que lindos